# areas, intensities, x, y
7.176000000000000000e+03,2.177159977703455951e+01,6.940441520037380485e+01,4.929179174694206722e+02
5.532000000000000000e+03,2.977042660882140268e+01,4.569321756026474191e+02,4.396164673022041143e+02
5.809000000000000000e+03,3.118488552246514089e+01,5.555359613144689774e+02,9.551248337041064360e+02
6.829000000000000000e+03,2.574989017425684423e+01,9.633269622283133913e+02,7.037005106741125928e+02
