# areas, intensities, x, y
7.135000000000000000e+03,2.455360896986685404e+01,1.388239340144985476e+02,6.738402248986814129e+02
5.481000000000000000e+03,2.921583652618135218e+01,5.375596757674918535e+02,3.618920515574650949e+02
5.611000000000000000e+03,3.189021564783461216e+01,6.710973029463048078e+02,8.328700764519157929e+02
6.249000000000000000e+03,2.779516722675628060e+01,1.109247311332703930e+03,7.831448598668907835e+02
