# areas, intensities, x, y
9.187000000000000000e+03,2.498889735495809461e+01,2.963805281980023665e+02,3.025486620813423428e+02
7.800000000000000000e+03,2.910999999999999943e+01,4.883038562834165646e+02,3.093018744109434692e+02
7.186000000000000000e+03,3.555510715279710610e+01,8.015246478459798709e+02,9.273377821439614763e+02
8.625000000000000000e+03,2.824359420289854938e+01,1.061274608889126057e+03,6.825121489649056912e+02
