# areas, intensities, x, y
8.932000000000000000e+03,2.378280340349305888e+01,9.481193627958649017e+01,2.982318620897433448e+02
7.643000000000000000e+03,2.483475075232238538e+01,2.992662476555750004e+02,1.403236096769435051e+02
7.656000000000000000e+03,3.383268025078369590e+01,7.081431687533539616e+02,8.252778710770858197e+02
8.364000000000000000e+03,2.947214251554280295e+01,9.560618608141822961e+02,5.170825946735360503e+02
