# areas, intensities, x, y
8.688000000000000000e+03,2.300794198895027520e+01,2.282560669958427866e+02,1.651942939472617979e+02
7.749000000000000000e+03,2.774487030584591452e+01,4.165669387660178131e+02,2.572785413614270169e+02
7.873000000000000000e+03,3.244252508573605809e+01,7.589898637538171897e+02,7.586392921462688719e+02
8.182000000000000000e+03,2.941689073576142732e+01,1.020421460889363402e+03,5.429343842053438038e+02
