# areas, intensities, x, y
8.983000000000000000e+03,2.532806412111766647e+01,2.351285546013132830e+02,3.147516459946730265e+02
8.034000000000000000e+03,2.870425690814040465e+01,4.343063743983348672e+02,3.460279736351415636e+02
7.258000000000000000e+03,3.576315789473684248e+01,8.027211107643825017e+02,9.348763219028465983e+02
8.451000000000000000e+03,2.950538397822742809e+01,1.073330703829957883e+03,7.100648325646681087e+02
