# areas, intensities, x, y
1.278200000000000000e+04,3.809904553278047246e+01,3.090935434985276515e+02,4.239163028612967423e+02
4.400000000000000000e+01,4.202272727272727337e+01,3.406614386154678300e+02,4.557625743645213561e+02
8.801000000000000000e+03,3.651732757641177329e+01,7.702285610272908798e+02,9.214189595785792335e+02
1.118100000000000000e+04,2.806528933011358617e+01,8.814688844415834410e+02,6.453818348109293765e+02
