# areas, intensities, x, y
1.945600000000000000e+04,3.242403371710526017e+01,3.488616912000152297e+02,4.166111149860028604e+02
1.750000000000000000e+03,5.082000000000000028e+01,3.488358913813459026e+02,4.188523078652949039e+02
9.298000000000000000e+03,3.404302000430200081e+01,8.927751191032817815e+02,8.241602555191892634e+02
9.792000000000000000e+03,3.145353349673202459e+01,9.835392492686521564e+02,5.401250872584766967e+02
