# areas, intensities, x, y
1.911900000000000000e+04,3.340478058475861900e+01,4.195099566909777309e+02,4.368050545981780601e+02
1.783000000000000000e+03,5.815703869882221255e+01,4.295272821956911571e+02,4.339170443805813306e+02
9.086000000000000000e+03,3.430508474576271283e+01,9.321791938298855484e+02,8.205132500898311037e+02
9.572000000000000000e+03,3.111544086920183716e+01,1.094237868364239603e+03,7.805153322119145969e+02
