# areas, intensities, x, y
1.416300000000000000e+04,3.851867542187389404e+01,3.935852238149356594e+02,1.655961835979030070e+02
5.500000000000000000e+01,3.176363636363636189e+01,4.118294218660561228e+02,2.070000000000000000e+02
9.236000000000000000e+03,3.499913382416630725e+01,9.196659077128680337e+02,7.455052497741700108e+02
1.019500000000000000e+04,2.935674350171652947e+01,1.022960670515750508e+03,4.886426433048661693e+02
