# areas, intensities, x, y
1.343600000000000000e+04,1.047819000000000000e+06,1.624845865555024318e+02,1.701605258160044798e+02
1.511400000000000000e+04,1.213302000000000000e+06,4.387876414940386098e+02,2.368035979500569397e+02
1.463700000000000000e+04,1.230648000000000000e+06,4.977475590095624511e+02,6.860907172481489624e+02
1.243300000000000000e+04,1.203483000000000000e+06,8.860132814505897159e+02,7.791986060459515784e+02
