# areas, intensities, x, y
1.102800000000000000e+04,1.050496010155966644e+02,3.465808576186008167e+02,1.537341239047136412e+02
1.225500000000000000e+04,2.383892288861689224e+01,4.475102585693454671e+02,3.851359902240660631e+02
1.209700000000000000e+04,2.630420765479044221e+01,8.954511725256284080e+02,6.096436917429808773e+02
9.851000000000000000e+03,2.442696172977362679e+01,9.643788056352075273e+02,8.773690520716452284e+02
