# areas, intensities, x, y
1.104600000000000000e+04,4.997275031685678215e+01,1.176969740887211771e+02,1.399138639743912620e+02
1.259000000000000000e+04,1.540603653693407580e+02,1.967045158329982257e+02,5.104682102679906279e+02
1.180100000000000000e+04,2.392441318532327799e+01,7.122384603941459318e+02,5.942948691611294407e+02
1.072100000000000000e+04,1.741227497434940830e+01,7.968470834650224788e+02,8.605135072879894551e+02
