# areas, intensities, x, y
2.355600000000000000e+04,3.067791645440652104e+01,4.612991646013486502e+02,4.039805368858187080e+02
1.241900000000000000e+04,3.765987599645703909e+01,1.005419185029655864e+03,6.435584094864634608e+02
9.921000000000000000e+03,1.768108053623626574e+01,1.056371093527312496e+03,8.748872894979875809e+02
