# areas, intensities, x, y
1.110800000000000000e+04,1.190185451926539457e+02,3.390008169081840492e+02,1.624589889399708511e+02
1.213000000000000000e+04,4.732761747732893554e+01,4.463034764947290114e+02,3.939373802440060786e+02
1.287700000000000000e+04,3.489205560301312659e+01,9.038114710497324040e+02,6.706310256952403961e+02
1.026800000000000000e+04,1.721620568757304071e+01,9.464944166628954463e+02,8.472869563741684260e+02
