# areas, intensities, x, y
1.617000000000000000e+03,1.652442795299938183e+01,2.577039670658682624e+01,5.815842440119760113e+02
3.802000000000000000e+03,1.834981588637559113e+01,5.501697388412693499e+02,2.189629619012126227e+02
2.974000000000000000e+03,2.569435104236718104e+01,5.878390106654452438e+02,6.129186678008244371e+02
4.255000000000000000e+03,1.960611045828436971e+01,1.216951632623705336e+03,5.351800800728807417e+02
