# areas, intensities, x, y
5.146000000000000000e+03,1.958841818888457098e+01,7.663772544195551006e+01,5.762849249022837057e+02
3.666000000000000000e+03,2.393671576650299926e+01,6.474331183334852540e+02,2.947523019418360946e+02
3.023000000000000000e+03,2.605491233873635437e+01,6.642316794474633070e+02,6.267744654918490141e+02
1.612000000000000000e+03,2.024689826302729401e+01,1.252084196335559682e+03,6.261282554078068188e+02
