# areas, intensities, x, y
3.490000000000000000e+03,1.867793696275071724e+01,4.223966802687693445e+01,4.487923787316294693e+02
3.205000000000000000e+03,2.126021840873634972e+01,5.986301824212272322e+02,9.915364182039654395e+01
2.564000000000000000e+03,2.580772230889235530e+01,6.203115261972767485e+02,4.483420078282026680e+02
2.720000000000000000e+03,1.703125000000000000e+01,1.235431818672423105e+03,4.669624824608742415e+02
