# areas, intensities, x, y
2.849000000000000000e+03,1.651983151983151998e+01,3.805811112291511478e+01,3.491339849144799814e+02
3.251000000000000000e+03,2.122085512150107789e+01,5.986455666845439509e+02,1.275420864195741331e+02
3.082000000000000000e+03,2.556521739130434767e+01,6.464532312925169890e+02,6.337199334957863357e+02
2.365000000000000000e+03,1.867272727272727195e+01,1.240710536446185642e+03,5.908996852426348596e+02
