# areas, intensities, x, y
3.716000000000000000e+03,1.820505920344456285e+01,4.351544715447154488e+01,3.891453067257945122e+02
3.637000000000000000e+03,1.938878196315644686e+01,6.112991619042217053e+02,1.731520342612419654e+02
3.257000000000000000e+03,2.443844028246853028e+01,6.414328735112317190e+02,6.929436152570481227e+02
3.006000000000000000e+03,1.891616766467065958e+01,1.233919137561112848e+03,5.881290668636347618e+02
