# areas, intensities, x, y
1.222400000000000000e+04,3.081667212041884696e+01,2.245311292981473343e+02,3.234692874758098355e+02
1.333700000000000000e+04,3.155192322111419401e+01,4.866538587669435856e+02,3.858772908309728109e+02
1.240500000000000000e+04,3.488101571946795332e+01,8.370724984342464268e+02,5.446743394368834288e+02
1.266900000000000000e+04,3.304972768174283715e+01,9.964012161248797383e+02,6.292390812668525086e+02
