# areas, intensities, x, y
1.234300000000000000e+04,2.764935591023252215e+01,2.611919941630820858e+02,2.146942298901768709e+02
1.373000000000000000e+04,2.796569555717407241e+01,5.279979711903826001e+02,3.045721894215418502e+02
1.300100000000000000e+04,3.202499807707099677e+01,8.396592851807463376e+02,4.690461238792670429e+02
1.233000000000000000e+04,3.296196269261962897e+01,1.028270524899057818e+03,6.757373979198908955e+02
