# areas, intensities, x, y
1.252800000000000000e+04,3.070114942528735469e+01,9.443031376097175666e+01,8.066711229668455871e+02
1.547000000000000000e+04,2.988073691014867350e+01,4.750531524807735764e+02,6.760982920682307622e+02
1.473500000000000000e+04,3.216810315575160928e+01,6.525805142226638509e+02,6.430387913847556547e+02
1.282400000000000000e+04,3.621506550218340692e+01,9.564120928810435771e+02,8.039384525280886464e+02
