# areas, intensities, x, y
1.365400000000000000e+04,3.225450417460084651e+01,2.142597802467285533e+02,7.247870972722711258e+02
1.492800000000000000e+04,3.145900321543408396e+01,5.583712767769685570e+02,7.642551147736468238e+02
1.391600000000000000e+04,3.362697614256970269e+01,8.972490891179241999e+02,7.422569339228512035e+02
1.223100000000000000e+04,3.375030659798871824e+01,1.165789011627907030e+03,9.138209859496123499e+02
