# areas, intensities, x, y
1.377200000000000000e+04,3.090930874237583481e+01,1.941743973802101664e+02,6.909384377576741372e+02
1.420300000000000000e+04,3.190234457508977073e+01,5.335295370429631703e+02,8.624511033768916377e+02
1.422700000000000000e+04,3.243761861249736711e+01,8.615056447593664188e+02,7.370421352575353922e+02
1.221300000000000000e+04,3.433628101203635197e+01,1.136575205854789147e+03,9.046684837688893595e+02
