# areas, intensities, x, y
1.270000000000000000e+04,3.301283464566929382e+01,1.824504785778854909e+02,8.478439332829274235e+02
1.510400000000000000e+04,3.075542902542373014e+01,5.852680322045938510e+02,6.307576066131358630e+02
1.414700000000000000e+04,3.294366296741358724e+01,8.193370982761654204e+02,8.149396121479485373e+02
1.233100000000000000e+04,3.581534344335414488e+01,1.070392784604620601e+03,8.903825092439752780e+02
